过程事件｜把会话还原成可编码的交互闭环,,,,,,,,,,,,,
一行一个事件。先写清楚发生了什么，再编码判断依据、控制转移、反馈和治理；同一会话的事件顺序应与提示词版本顺序一致。,,,,,,,,,,,,,
,,,,,,,,,,,,,
事件ID,会话ID,事件顺序,轮次,事件类型,行动者,研究者动作/提示词摘录,平台回应/结果,判断依据,控制转移,反馈闭环,边界/治理事件,关键转折,证据编号/分析备忘
EV-R1-005-01,3,1,0,输入,研究者/用户,输入公开P0提示词（Sun-kissed portrait captures joyful serenity in mustard yellow）,平台收到第一轮生成请求,任务目标,研究者主导,无,无,否,R1-SEED-005-A
EV-R1-005-02,3,2,1,生成,模型/平台,按P0生成第一轮结果；同一请求的多图/多候选仍计为一轮,第一轮结果已保存；人物肖像、芥末黄色上衣、暖阳与自然背景虚化均得到保留；第一轮主要变化在发型、裁切和面部表情细节，尚未改变任务的主体与视觉气质。,任务目标,不明,无,无,否,R1-SEED-005-A；暂不新增P1；保留为第一轮基线
EV-R1-007-01,4,1,0,输入,研究者/用户,输入公开P0提示词（Young child poses playfully with giant gold letters in a luxury studio）,平台收到第一轮生成请求,任务目标,研究者主导,无,格式约束,否,R1-SEED-007-A
EV-R1-007-02,4,2,1,生成,模型/平台,按P0生成第一轮结果；同一请求的多图/多候选仍计为一轮,第一轮结果已保存；原图是横向宽幅（以16:9构图为复现目标），巨型金色字母横向铺开，人物围绕字母形成一体化的横向版式；第一轮改成了竖向海报式多人物拼贴，画幅方向、主体分布、字母排列和人物与字母的空间关系均发生明显变化。,任务目标,不明,无,格式约束,是,R1-SEED-007-A；建议新增P1
EV-R1-008-01,5,1,0,输入,研究者/用户,输入公开P0提示词（Eiffel Tower rises above layered papercraft diorama of Paris）,平台收到第一轮生成请求,任务目标,研究者主导,无,文字/格式约束,否,R1-SEED-008-A
EV-R1-008-02,5,2,1,生成,模型/平台,按P0生成第一轮结果；同一请求的多图/多候选仍计为一轮,第一轮结果已保存；第一轮保留了书签、纸雕、巴黎地标和旅行纪念品的总体结构，但公开原图实际呈现的是“EXPLORE USA”及美国地标；这与任务标题和P0中的“PARIS”存在来源图与提示词不一致。第一轮的“PARIS”更接近P0语义，但与原图文字并不一致。,任务目标,不明,无,文字/格式约束,是,R1-SEED-008-A；建议新增P1，并在研究记录中保留“原图—P0不一致”说明
EV-R1-009-01,6,1,0,输入,研究者/用户,输入公开P0提示词（A basketball player leaps for a dunk in a crowded arena）,平台收到第一轮生成请求,任务目标,研究者主导,无,构图/动作约束,否,R1-SEED-009-A
EV-R1-009-02,6,2,1,生成,模型/平台,按P0生成第一轮结果；同一请求的多图/多候选仍计为一轮,第一轮结果已保存；原图是16:9横向宽幅的2×2运动POV构图，四个面板以横向等分方式展开；第一轮变成了竖向长画布，虽然保留了四格极限运动视觉，但面板比例、整体画幅和运动项目均发生变化，并将原图左下的篮球扣篮替换成了击剑。,任务目标,不明,无,构图/动作约束,是,R1-SEED-009-A；建议新增P1
EV-R1-010-01,7,1,0,输入,研究者/用户,输入公开P0提示词（Tiny man hugs giant coconut as human hand places umbrella）,平台收到第一轮生成请求,任务目标,研究者主导,无,一致性维护,否,R1-SEED-010-A、R1-SEED-010-B
EV-R1-010-02,7,2,1,生成,模型/平台,按P0生成第一轮结果；同一请求的多图/多候选仍计为一轮,第一轮结果已保存；六格竖向海滩微缩摄影、同一小人、夸张比例与幽默叙事均得到保留；两张第一轮候选在衬衫颜色、姿态、螃蟹/鱼/贝壳等道具和局部动作上存在变化，说明角色一致性与分格叙事仍不稳定。两张图属于同一轮的两个候选结果，不应计为两轮。,任务目标,不明,无,一致性维护,否,R1-SEED-010-A、R1-SEED-010-B；建议新增P1，作为第二轮一致性修订
EV-R1-017-01,8,1,0,输入,研究者/用户,输入公开P0提示词（Soft peach blush and taupe shadows define Korean clean girl makeup）,平台收到第一轮生成请求,任务目标,研究者主导,无,无,否,R1-SEED-017-A
EV-R1-017-02,8,2,1,生成,模型/平台,按P0生成第一轮结果；同一请求的多图/多候选仍计为一轮,第一轮结果已保存；第一轮保留了韩系清透妆容、黑长发、近距离女性肖像与柔和低饱和背景，但原图女孩穿黑色衣服，第一轮改成了米白/浅色上衣；服装色彩改变了画面下部的黑色基调，是需要单独记录的主体属性偏差。,任务目标,不明,无,无,否,R1-SEED-017-A；建议新增P1，补足服装颜色约束
EV-R1-018-01,9,1,0,输入,研究者/用户,输入公开P0提示词（Confident businessman in blue suit poses in luxurious studio）,平台收到第一轮生成请求,任务目标,研究者主导,无,无,否,R1-SEED-018-A
EV-R1-018-02,9,2,1,生成,模型/平台,按P0生成第一轮结果；同一请求的多图/多候选仍计为一轮,第一轮结果已保存；第一轮保留了蓝色西装、坐姿和深蓝商业棚拍气质，但原图后方是巨大的字母B，男士是无眼镜、无胡子的英俊男性；第一轮的人物面貌、胡须状态和背景字母均未准确复现，主体属性与背景标识同时发生偏差。,任务目标,不明,无,无,是,R1-SEED-018-A；建议新增P1，补足人物与背景标识约束
EV-R1-019-01,10,1,0,输入,研究者/用户,输入公开P0提示词（A Young Woman at a Traffic Light Under a Floating Ocean）,平台收到第一轮生成请求,任务目标,研究者主导,无,构图约束,否,R1-SEED-019-A
EV-R1-019-02,10,2,1,生成,模型/平台,按P0生成第一轮结果；同一请求的多图/多候选仍计为一轮,第一轮结果已保存；第一轮保留了城市街口、手机中的女性与上方水下世界的超现实关系，但原图采用微俯拍与广角镜头，交通灯柱从左侧向上延伸，女性位于下方前景；第一轮的机位更接近平视，广角透视和主体下沉关系减弱，并把单一大型海洋生物改成了多鱼群与路牌街景。,任务目标,不明,无,构图约束,是,R1-SEED-019-A；建议新增P1
EV-R1-020-01,11,1,0,输入,研究者/用户,输入公开P0提示词（A manga-style action dossier frames a flying superhero in dynamic pose）,平台收到第一轮生成请求,任务目标,研究者主导,无,文字/主体约束,否,R1-SEED-020-A
EV-R1-020-02,11,2,1,生成,模型/平台,按P0生成第一轮结果；同一请求的多图/多候选仍计为一轮,第一轮结果已保存；原图是16:9横向宽幅的2×2档案漫画构图，四个横向面板组成一个宽画面；第一轮变成了竖向长画布上的2×2海报堆叠，整体画幅、面板比例和视觉节奏已改变。与此同时，四个主题从原图的Star Wars、Matrix、Indiana Jones、Batman变成了Lord of the Rings、Star Wars、Gladiator、Inception。,任务目标,不明,无,文字/主体约束,是,R1-SEED-020-A；建议新增P1
EV-R1-021-01,12,1,0,输入,研究者/用户,输入公开P0提示词（A serious woman in sleek bun poses with gloved hand near lips）,平台收到第一轮生成请求,任务目标,研究者主导,无,色彩约束,否,R1-SEED-021-A
EV-R1-021-02,12,2,1,生成,模型/平台,按P0生成第一轮结果；同一请求的多图/多候选仍计为一轮,第一轮结果已保存；姿态、黑色墨镜、黑手套和近景时尚肖像被保留，但原图的黑白基调、蓝色眼睛与鲜红嘴唇是关键视觉对比；第一轮整体彩色，眼睛和嘴唇也未形成原图的高对比强调。,任务目标,不明,无,色彩约束,是,R1-SEED-021-A；建议新增P1
EV-R1-023-01,13,1,0,输入,研究者/用户,输入公开P0提示词（A woman in a green lace gown poses in a sunlit forest）,平台收到第一轮生成请求,任务目标,研究者主导,无,构图约束,否,R1-SEED-023-A
EV-R1-023-02,13,2,1,生成,模型/平台,按P0生成第一轮结果；同一请求的多图/多候选仍计为一轮,第一轮结果已保存；第一轮保留了绿色蕾丝礼服、森林溪流与女性人物，但把原图的单幅全身肖像改成了2×2四格拼贴，并新增花束、不同景别和多种姿态；画面组织方式已改变。,任务目标,不明,无,构图约束,是,R1-SEED-023-A；建议新增P1
EV-R1-025-01,14,1,0,输入,研究者/用户,输入公开P0提示词（Korean CEO sits confidently behind modern executive desk in Seoul office）,平台收到第一轮生成请求,任务目标,研究者主导,无,文字/格式约束,否,R1-SEED-025-A
EV-R1-025-02,14,2,1,生成,模型/平台,按P0生成第一轮结果；同一请求的多图/多候选仍计为一轮,第一轮结果已保存；第一轮保留了韩国办公室、女性CEO、粉色套装、城市窗景、AI Innovation Group与CEO标牌等关键元素；主要差异在人物位置、桌面物件、标牌材质和文字清晰度。,任务目标,不明,无,文字/格式约束,否,R1-SEED-025-A；建议新增P1，优先修正文字与构图
EV-R1-026-01,15,1,0,输入,研究者/用户,输入公开P0提示词（A chilled Coca-Cola can casts a royal shadow on red backdrop）,平台收到第一轮生成请求,任务目标,研究者主导,无,文字/构图约束,否,R1-SEED-026-A
EV-R1-026-02,15,2,1,生成,模型/平台,按P0生成第一轮结果；同一请求的多图/多候选仍计为一轮,第一轮结果已保存；红色背景、王冠阴影、顶部品牌标识和底部广告语均保留，但原图主体是细长的高瓶可乐，第一轮生成了较矮、较宽的普通罐体；产品的瓶罐形态、纵向比例和广告主体识别发生明显变化。,任务目标,不明,无,文字/构图约束,是,R1-SEED-026-A；建议新增P1，修正产品形态与版式比例
EV-R1-028-01,16,1,0,输入,研究者/用户,输入公开P0提示词（A confident woman in a charcoal blazer stands before a glowing storefront）,平台收到第一轮生成请求,任务目标,研究者主导,无,构图约束,否,R1-SEED-028-A
EV-R1-028-02,16,2,1,生成,模型/平台,按P0生成第一轮结果；同一请求的多图/多候选仍计为一轮,第一轮结果已保存；第一轮保留了黑色西装女性、城市夜景、车流光轨和冷暖霓虹，但原图具有明显的双重曝光/叠影效果：人物本体与玻璃中的半透明重复人像相互重叠；第一轮变成普通街道全身照，失去了双重曝光的视觉机制、近景裁切与反射人物关系。,任务目标,不明,无,构图约束,是,R1-SEED-028-A；建议新增P1
EV-R2-001-01,1,3,1,修订,研究者/用户,按P1修订提示词：PV-R1-001-P1,P1已提交，进入第二轮生成请求,任务目标,研究者主导,多轮修订,一致性维护,是,R2-SEED-001-A；P1将主体重新组织为四格科学家速写，2×2构图与单格主体关系明显恢复。
EV-R2-001-02,1,4,2,再生成,模型/平台,按P1生成第二轮结果,第二轮图片已保存：R2-SEED-001-A.png,任务目标,协商形成,多轮修订,无,是,R2-SEED-001-A；阶段目标基本达到；四位人物的具体姿态、公式和局部线条仍可能与公开原图不同。
EV-R2-002-01,2,3,1,修订,研究者/用户,按P1修订提示词：会话2已有v0.1,P1已提交，进入第二轮生成请求,任务目标,研究者主导,多轮修订,一致性维护,是,R2-SEED-002-A；火焰边框、皇后、公式和红心牌结构保持稳定，第二轮结果可作为既有v0.1的执行结果。
EV-R2-002-02,2,4,2,再生成,模型/平台,按P1生成第二轮结果,第二轮图片已保存：R2-SEED-002-A.png,任务目标,协商形成,多轮修订,无,是,R2-SEED-002-A；阶段目标基本达到；人物面貌、公式文字和手部细节仍存在生成差异；该记录与既有会话2关联。
EV-R2-007-01,4,3,1,修订,研究者/用户,按P1修订提示词：PV-R1-007-P1,P1已提交，进入第二轮生成请求,任务目标,研究者主导,多轮修订,一致性维护,是,R2-SEED-007-A；P1把第一轮竖向海报改回横向宽幅，巨型金色字母横向铺开，人物与字母的空间关系更接近原图。
EV-R2-007-02,4,4,2,再生成,模型/平台,按P1生成第二轮结果,第二轮图片已保存：R2-SEED-007-A.png,任务目标,协商形成,多轮修订,无,是,R2-SEED-007-A；构图目标基本达到；字母拼写、人物数量和字母遮挡情况仍需人工核验。
EV-R2-008-01,5,3,1,修订,研究者/用户,按P1修订提示词：PV-R1-008-P1,P1已提交，进入第二轮生成请求,任务目标,研究者主导,多轮修订,一致性维护,是,R2-SEED-008-A；巴黎、埃菲尔铁塔、书签和纸雕结构均得到保持，第二轮与P0的PARIS语义一致。
EV-R2-008-02,5,4,2,再生成,模型/平台,按P1生成第二轮结果,第二轮图片已保存：R2-SEED-008-A.png,任务目标,协商形成,多轮修订,无,是,R2-SEED-008-A；阶段目标基本达到；小字、地标细节和三张下方卡片的具体图像仍不保证与原图完全一致。
EV-R2-009-01,6,3,1,修订,研究者/用户,按P1修订提示词：PV-R1-009-P1,P1已提交，进入第二轮生成请求,任务目标,研究者主导,多轮修订,一致性维护,是,R2-SEED-009-A；第二轮恢复了16:9横向宽幅和2×2运动POV结构，左下重新出现篮球扣篮，构图与活动约束均有明显修正。
EV-R2-009-02,6,4,2,再生成,模型/平台,按P1生成第二轮结果,第二轮图片已保存：R2-SEED-009-A.png,任务目标,协商形成,多轮修订,无,是,R2-SEED-009-A；构图目标基本达到；各运动面板的动作瞬间、器材和景别仍有细节差异。
EV-R2-010-01,7,3,1,修订,研究者/用户,按P1修订提示词：PV-R1-010-P1,P1已提交，进入第二轮生成请求,任务目标,研究者主导,多轮修订,一致性维护,是,R2-SEED-010-A；六格海滩微缩叙事、同一角色和主要道具得到保持，P1对跨格一致性的修订有效。
EV-R2-010-02,7,4,2,再生成,模型/平台,按P1生成第二轮结果,第二轮图片已保存：R2-SEED-010-A.png,任务目标,协商形成,多轮修订,无,是,R2-SEED-010-A；阶段目标基本达到；局部服装、道具姿态和人物表情仍有变化；两轮中同一角色的一致性仍可继续观察。
EV-R2-017-01,8,3,1,修订,研究者/用户,按P1修订提示词：PV-R1-017-P1,P1已提交，进入第二轮生成请求,任务目标,研究者主导,多轮修订,一致性维护,是,R2-SEED-017-A；女孩改回黑色服装，近景肖像与清透妆容的整体黑色基调更接近原图。
EV-R2-017-02,8,4,2,再生成,模型/平台,按P1生成第二轮结果,第二轮图片已保存：R2-SEED-017-A.png,任务目标,协商形成,多轮修订,无,是,R2-SEED-017-A；服装目标达到；发型、面部细节和妆容浓度仍可能存在差异。
EV-R2-018-01,9,3,1,修订,研究者/用户,按P1修订提示词：PV-R1-018-P1,P1已提交，进入第二轮生成请求,任务目标,研究者主导,多轮修订,一致性维护,是,R2-SEED-018-A；背景巨型B、无眼镜、无胡子的英俊男性和蓝色西装均得到补足，人物与背景标识更接近原图。
EV-R2-018-02,9,4,2,再生成,模型/平台,按P1生成第二轮结果,第二轮图片已保存：R2-SEED-018-A.png,任务目标,协商形成,多轮修订,无,是,R2-SEED-018-A；主体目标基本达到；具体脸部身份、坐姿比例和背景材质仍有生成差异。
EV-R2-019-01,10,3,1,修订,研究者/用户,按P1修订提示词：PV-R1-019-P1,P1已提交，进入第二轮生成请求,任务目标,研究者主导,多轮修订,一致性维护,是,R2-SEED-019-A；第二轮恢复了微俯拍、广角透视、左侧交通灯柱和下方人物的空间关系，超现实水下城市构图更接近原图。
EV-R2-019-02,10,4,2,再生成,模型/平台,按P1生成第二轮结果,第二轮图片已保存：R2-SEED-019-A.png,任务目标,协商形成,多轮修订,无,是,R2-SEED-019-A；机位/构图目标基本达到；海洋生物数量、建筑细节和人物位置仍有差异。
EV-R2-021-01,12,3,1,修订,研究者/用户,按P1修订提示词：PV-R1-021-P1,P1已提交，进入第二轮生成请求,任务目标,研究者主导,多轮修订,一致性维护,是,R2-SEED-021-A；黑白高对比、蓝色眼睛、红色嘴唇、黑手套与墨镜的局部色彩约束均得到恢复。
EV-R2-021-02,12,4,2,再生成,模型/平台,按P1生成第二轮结果,第二轮图片已保存：R2-SEED-021-A.png,任务目标,协商形成,多轮修订,无,是,R2-SEED-021-A；色彩目标达到；墨镜反光、手指形态和局部服装仍与原图存在差异。
EV-R2-023-01,13,3,1,修订,研究者/用户,按P1修订提示词：PV-R1-023-P1,P1已提交，进入第二轮生成请求,任务目标,研究者主导,多轮修订,一致性维护,是,R2-SEED-023-A；第二轮改回单幅全身纵向肖像，绿色蕾丝长裙、森林溪流与人物完整身形得到恢复。
EV-R2-023-02,13,4,2,再生成,模型/平台,按P1生成第二轮结果,第二轮图片已保存：R2-SEED-023-A.png,任务目标,协商形成,多轮修订,无,是,R2-SEED-023-A；构图目标达到；人物姿态、桥景和光线细节仍有差异。
EV-R2-025-01,14,3,1,修订,研究者/用户,按P1修订提示词：PV-R1-025-P1,P1已提交，进入第二轮生成请求,任务目标,研究者主导,多轮修订,一致性维护,是,R2-SEED-025-A；CEO办公室、AI Innovation Group、城市窗景、桌牌与人物构图均得到进一步统一。
EV-R2-025-02,14,4,2,再生成,模型/平台,按P1生成第二轮结果,第二轮图片已保存：R2-SEED-025-A.png,任务目标,协商形成,多轮修订,无,是,R2-SEED-025-A；主体/空间目标基本达到；英文标识清晰度、桌面物件和人物位置仍需人工复核。
EV-R2-026-01,15,3,1,修订,研究者/用户,按P1修订提示词：PV-R1-026-P1,P1已提交，进入第二轮生成请求,任务目标,研究者主导,多轮修订,一致性维护,是,R2-SEED-026-A；第二轮使用了细长高瓶可乐，产品纵向比例和王冠阴影关系明显修正。
EV-R2-026-02,15,4,2,再生成,模型/平台,按P1生成第二轮结果,第二轮图片已保存：R2-SEED-026-A.png,任务目标,协商形成,多轮修订,无,是,R2-SEED-026-A；产品形态目标达到；品牌logo、广告语字形和冷凝水纹理仍可能不完全一致。
EV-R2-028-01,16,3,1,修订,研究者/用户,按P1修订提示词：PV-R1-028-P1,P1已提交，进入第二轮生成请求,任务目标,研究者主导,多轮修订,一致性维护,是,R2-SEED-028-A；第二轮出现了人物本体与半透明重复人像的双重曝光/玻璃叠影关系，已回应P1的核心构图要求。
EV-R2-028-02,16,4,2,再生成,模型/平台,按P1生成第二轮结果,第二轮图片已保存：R2-SEED-028-A.png,任务目标,协商形成,多轮修订,无,是,R2-SEED-028-A；风格/构图目标达到；叠影位置、透明度、人物裁切和背景光轨仍可继续细化。
EV-R2-020-01,11,3,1,修订,研究者/用户,提交PV-R1-020-P1，修正16:9横向2×2档案构图与四格主题,P1进入第二轮生成请求,任务目标,研究者主导,多轮修订,安全/伦理,是,R2-SEED-020-A；等待平台回应
EV-R2-020-02,11,4,2,平台拒绝,模型/平台,按P1请求生成第二轮图像,被生图服务安全策略拦截，未生成第二轮图片,平台反馈,平台主导,平台纠错,安全/伦理,是,记录为安全策略拒绝事件；不将其解释为普通图像质量失败
EV-R3-001-01,1,5,2,修订,研究者/用户,准备PV-R2-001-P2,P2已形成，等待第三轮生成,任务目标,研究者主导,多轮修订,一致性维护,是,第二轮画面主体与构图已基本正确，但最终画布需要改为1:1正方形。
EV-R3-002-01,2,5,2,修订,研究者/用户,准备PV-R2-002-P2,P2已形成，等待第三轮生成,任务目标,研究者主导,多轮修订,一致性维护,是,人物扑克牌需要放在胸口正中，而不是偏向身体一侧。
EV-R3-007-01,4,5,2,修订,研究者/用户,准备PV-R2-007-P2,P2已形成，等待第三轮生成,任务目标,研究者主导,多轮修订,一致性维护,是,第二轮画面方向已修正，但6个小朋友的视觉尺寸不一致，部分人物过大。
EV-R3-008-01,5,5,2,修订,研究者/用户,准备PV-R2-008-P2,P2已形成，等待第三轮生成,任务目标,研究者主导,多轮修订,一致性维护,是,目标应为美国，不是巴黎；第二轮需要改正目的地和标志性建筑。
EV-R3-017-01,8,5,2,修订,研究者/用户,准备PV-R2-017-P2,P2已形成，等待第三轮生成,任务目标,研究者主导,多轮修订,一致性维护,是,黑色服装已修正，但人物需要微微侧脸，不应完全正面直视。
EV-R3-018-01,9,5,2,修订,研究者/用户,准备PV-R2-018-P2,P2已形成，等待第三轮生成,任务目标,研究者主导,多轮修订,一致性维护,是,人物属性和背景B已修正，但人物需要微微侧脸。
EV-R3-019-01,10,5,2,修订,研究者/用户,准备PV-R2-019-P2,P2已形成，等待第三轮生成,任务目标,研究者主导,多轮修订,一致性维护,是,微俯拍、广角和城市水下构图已基本正确，但服装应为白色上衣、黑色裤子。
EV-R3-021-01,12,5,2,修订,研究者/用户,准备PV-R2-021-P2,P2已形成，等待第三轮生成,任务目标,研究者主导,多轮修订,一致性维护,是,黑白、蓝眼、红唇已修正，但需要裁掉部分头顶，使用银色圆环耳环，并加入侧背光。
EV-R3-028-01,16,5,2,修订,研究者/用户,准备PV-R2-028-P2,P2已形成，等待第三轮生成,任务目标,研究者主导,多轮修订,一致性维护,是,双重曝光和玻璃叠影已出现，但需要更明显的轻微晃动与低速快门感。
EV-R3-001-01,1,5,2,修订,研究者/用户,按P2修订提示词：PV-R2-001-P2,P2已提交，进入第三轮生成请求,任务目标,研究者主导,多轮修订,一致性维护,是,R3-SEED-001-A；第二轮构图已基本正确，本轮主要修正最终画布比例。
EV-R3-001-02,1,6,3,再生成,模型/平台,按P2生成第三轮结果,第三轮图片已保存：R3-SEED-001-A.png,任务目标,协商形成,多轮修订,无,是,R3-SEED-001-A；第三轮已生成，目标达到；画布改为1:1正方形，同时保留2×2四格、四位科学家各占一个独立面板的构图。
EV-R3-002-01,2,5,2,修订,研究者/用户,按P2修订提示词：PV-R2-002-P2,P2已提交，进入第三轮生成请求,任务目标,研究者主导,多轮修订,一致性维护,是,R3-SEED-002-A；第二轮人物扑克牌位置仍偏移，本轮修正卡牌中心位置。
EV-R3-002-02,2,6,3,再生成,模型/平台,按P2生成第三轮结果,第三轮图片已保存：R3-SEED-002-A.png,任务目标,协商形成,多轮修订,无,是,R3-SEED-002-A；第三轮已生成，目标达到；Queen of Hearts人物扑克牌已移至人物胸口正中，卡面朝向镜头并处于身体中轴线上。
EV-R3-007-01,4,5,2,修订,研究者/用户,按P2修订提示词：PV-R2-007-P2,P2已提交，进入第三轮生成请求,任务目标,研究者主导,多轮修订,一致性维护,是,R3-SEED-007-A；第二轮已修正横向方向，但6个人物大小不一致，本轮修正尺度均衡。
EV-R3-007-02,4,6,3,再生成,模型/平台,按P2生成第三轮结果,第三轮图片已保存：R3-SEED-007-A.png,任务目标,协商形成,多轮修订,无,是,R3-SEED-007-A；第三轮已生成，明显改善；第三轮继续保持16:9横向宽幅，并将6个小朋友的视觉尺度与画面占比进一步拉齐，弱化单一前景主角。
EV-R3-008-01,5,5,2,修订,研究者/用户,按P2修订提示词：PV-R2-008-P2,P2已提交，进入第三轮生成请求,任务目标,研究者主导,多轮修订,一致性维护,是,R3-SEED-008-A；第二轮沿用PARIS，本轮按复核结论改为USA并对齐公开原图。
EV-R3-008-02,5,6,3,再生成,模型/平台,按P2生成第三轮结果,第三轮图片已保存：R3-SEED-008-A.png,任务目标,协商形成,多轮修订,无,是,R3-SEED-008-A；第三轮已生成，目标调整并达到；根据P2将目的地从PARIS改为USA，第三轮出现EXPLORE USA、美国地标和YOUR USA EXPERIENCE，解决了标题/P0与原图之间的目的地冲突。
EV-R3-017-01,8,5,2,修订,研究者/用户,按P2修订提示词：PV-R2-017-P2,P2已提交，进入第三轮生成请求,任务目标,研究者主导,多轮修订,一致性维护,是,R3-SEED-017-A；第二轮服装已修正，本轮继续修正脸部朝向。
EV-R3-017-02,8,6,3,再生成,模型/平台,按P2生成第三轮结果,第三轮图片已保存：R3-SEED-017-A.png,任务目标,协商形成,多轮修订,无,是,R3-SEED-017-A；第三轮已生成，目标达到；黑色服装得到保持，脸部改为轻微三分之四侧脸，不再完全正面直视。
EV-R3-018-01,9,5,2,修订,研究者/用户,按P2修订提示词：PV-R2-018-P2,P2已提交，进入第三轮生成请求,任务目标,研究者主导,多轮修订,一致性维护,是,R3-SEED-018-A；第二轮人物属性已修正，本轮继续修正脸部朝向与视线。
EV-R3-018-02,9,6,3,再生成,模型/平台,按P2生成第三轮结果,第三轮图片已保存：R3-SEED-018-A.png,任务目标,协商形成,多轮修订,无,是,R3-SEED-018-A；第三轮已生成，目标达到；保持无眼镜、无胡子、英俊男性、蓝色西装和巨型B背景，并加入轻微三分之四侧脸与偏离镜头的视线。
EV-R3-019-01,10,5,2,修订,研究者/用户,按P2修订提示词：PV-R2-019-P2,P2已提交，进入第三轮生成请求,任务目标,研究者主导,多轮修订,一致性维护,是,R3-SEED-019-A；第二轮机位已基本正确，本轮修正人物服装颜色。
EV-R3-019-02,10,6,3,再生成,模型/平台,按P2生成第三轮结果,第三轮图片已保存：R3-SEED-019-A.png,任务目标,协商形成,多轮修订,无,是,R3-SEED-019-A；第三轮已生成，目标达到；人物已改为白色上衣、黑色裤子，同时保留微俯拍、广角、交通灯柱和上方水下城市构图。
EV-R3-021-01,12,5,2,修订,研究者/用户,按P2修订提示词：PV-R2-021-P2,P2已提交，进入第三轮生成请求,任务目标,研究者主导,多轮修订,一致性维护,是,R3-SEED-021-A；第二轮色彩已修正，本轮继续修正裁切、配饰和光线。
EV-R3-021-02,12,6,3,再生成,模型/平台,按P2生成第三轮结果,第三轮图片已保存：R3-SEED-021-A.png,任务目标,协商形成,多轮修订,无,是,R3-SEED-021-A；第三轮已生成，目标基本达到；画面上沿裁掉部分头顶，加入银色圆环耳环和侧背光，同时保留黑白、蓝眼、红唇、黑墨镜与黑手套。
EV-R3-028-01,16,5,2,修订,研究者/用户,按P2修订提示词：PV-R2-028-P2,P2已提交，进入第三轮生成请求,任务目标,研究者主导,多轮修订,一致性维护,是,R3-SEED-028-A；第二轮已出现双重曝光，本轮继续强化低速快门和轻微晃动感。
EV-R3-028-02,16,6,3,再生成,模型/平台,按P2生成第三轮结果,第三轮图片已保存：R3-SEED-028-A.png,任务目标,协商形成,多轮修订,无,是,R3-SEED-028-A；第三轮已生成，目标达到；双重曝光与玻璃叠影继续保留，并增加了轻微低速快门、水平光轨和克制的动态拖影。
,,,,,,,,,,,,,
,,,,,,,,,,,,,
,,,,,,,,,,,,,
,,,,,,,,,,,,,
,,,,,,,,,,,,,
,,,,,,,,,,,,,
,,,,,,,,,,,,,
,,,,,,,,,,,,,
,,,,,,,,,,,,,
,,,,,,,,,,,,,
,,,,,,,,,,,,,
,,,,,,,,,,,,,
,,,,,,,,,,,,,
,,,,,,,,,,,,,
,,,,,,,,,,,,,
